source_path,source_sha256,in_frozen_input,included_in_answer_context,cited_in_answer,relevance_of_omitted_document
archive/coverage.txt,03da3366be4fcc01a6be486cbe32114cf8397922c7887dc91195e71f7a9d5f1f,True,True,False,not_applicable
contracts/maintenance.txt,8bbd4b3fb3d67057d6de8cefd7bd188188688e698bc2d621335ad1ed45edbae1,True,False,False,not_determined
contracts/service.md,742fe96429b58b8703b60dbb0d8bab966ccfe0ddaa219d78a124e747c5d58fb1,True,True,False,not_applicable
finance/forecast.md,2dd7419cac6a5388de8afeca46c90c3a6511334bc696458203c929ba0e3667eb,True,True,False,not_applicable
governance/risk_register.md,ba2e7d8cd12bfe2bc620b04c4d61307192a8eb36482b05eff3f69c540ec3eff6,True,False,False,not_determined
governance/risk_test.txt,88d837d63fbb8849a9d4ff903424cb9f4a7c1e0d448cff508f9851ad73f35174,True,False,False,not_determined
incident/01_alert.txt,48ce68068f1b84f47b6ddacbdda6982888687ccf9b192d01fb77995ee34b98fb,True,False,False,not_determined
incident/02_bridge.txt,bb851bb57641fda9e230c6cc382536b03225df5e7d96d98c4f290487250b12fe,True,False,False,not_determined
incident/03_review.md,73ca8c0eaf40278e7492115ae29e7be70384441607017e055128bdb3386dbb39,True,True,False,not_applicable
multilingual/inspection_fr.txt,086b729fec22a74c9c0bd9f80b844805d1dcf11b4e3340ef5559f43d316eaaad,True,False,False,not_determined
multilingual/order_de.txt,50f429608177fa01c544eca6561e049e4732405137c10f576a532c473f980a16,True,False,False,not_determined
multilingual/replacement_es.txt,ab059307ecbe60b791b9f64132a99c5b3018972c2d3fb450dba74f8d174430d2,True,False,False,not_determined
operations/000/record_00000.txt,f8d7b88555df196166823fd02d0940f0187c2c694fd3b5f092fb6e6edb777841,True,False,False,not_determined
operations/000/record_00001.md,0abee95b6ba157752fa58f0243d525ce61f3b9c7a10eb1c3eb465e24e32eb90a,True,False,False,not_determined
operations/000/record_00002.txt,c05caa9ff8e3baff59c0c3f942ccd1d492214033d2f7be1cd3953fd69e928bba,True,False,False,not_determined
operations/000/record_00003.md,55844ed69f5f25b0a36c2024e212eb4091fd4c7c85b3d45761388ed8e4dc6bd5,True,False,False,not_determined
operations/000/record_00004.txt,7a48e11ae0e6052c52bb8a4624d61244dfd8d380138e98cc7607dee2ba41ce02,True,False,False,not_determined
operations/000/record_00005.md,710b0dbf94c4c61d00a25bb48cffe34dc0e16d64bad48ef80a7af653c041908d,True,False,False,not_determined
people/directory.txt,0c4ea9ddbac27ffdd78e82bbebe980386cac6c83104525d58442d9bd17f82ef0,True,False,False,not_determined
people/signoff.txt,ec936ad20bab0c43a5796d23cd538da09adf4e19fefa3daba19fc34652abc7ef,True,False,False,not_determined
people/technical_review.txt,5b73945fd111196c84e7ea51e5961d20d90a09fab87b0642efdf557f067eefe8,True,False,False,not_determined
procurement/01_request.md,c779cf5588205b87df0cdd60fcadf14c54b44f0e2539b6f19fa6cbf56c6654d9,True,True,False,not_applicable
procurement/02_approval.txt,3b066c3129cc640ca8877c899265cba2486a38f56741fdac0eeb768b23f85b56,True,True,True,not_applicable
procurement/03_amendment.md,13a94bf55ae7744006e50a2f0ea0cdb85edbff2ee149da1988faa77f91aa7ce0,True,True,False,not_applicable
procurement/04_supplier_email.txt,44a633f917e3615ae3b7b5ae95478321e718404386d1062686cc8b62a0db06a9,True,True,False,not_applicable
procurement/05_receipt.txt,83aff3f25faa7df2b818ddc180a51f6e39abcac8c54bd1e228172137ddca4c8e,True,True,False,not_applicable
procurement/06_invoice.md,bcf0b6828a1d5bf59d8a8fb8cb48914c8b4a13b1fdc51426493a5577896d54bf,True,True,False,not_applicable
versions/retention_draft.md,7c27c0b236ac929ce368e78810607b512414542017a208d4d91fc052acabd774,True,True,False,not_applicable
versions/retention_v1.md,937067d4af6347953e3036965b97df3809bcdd9c7c0a34cf646e5adf00cb640b,True,False,False,not_determined
versions/retention_v2.md,00c828332b49921172310a604a907fcfc905b3f8d10356ae931e1f1271db1947,True,True,False,not_applicable
