system,trial,designated_evidence_hits,designated_evidence_total,all_designated_evidence_delivered,status,usage_status,retrieval_seconds,answer_seconds,end_to_end_seconds,input_tokens,cached_input_tokens,output_tokens,retrieval_llm_calls,context_characters,context_truncated,adapter_tree_peak_rss_bytes,strict_pass,citations_valid
graf,query-0-doc-01,2,2,True,answered,receipted,60.51128708399483,6.633305106981425,67.14459219097625,14110,8960,134,0,5974,False,4004155392,False,True
graf,query-0-doc-02,3,3,True,answered,receipted,51.988784410001244,9.7180640459992,61.70684845600044,14125,0,256,0,5971,False,2641559552,True,True
graf,query-0-doc-03,2,2,True,answered,receipted,51.00674801500281,7.40569025700097,58.41243827200378,14232,8960,167,0,6461,False,2652762112,True,True
graf,query-0-doc-04,2,2,True,answered,receipted,51.42270265100524,5.336753232986666,56.759455883991905,14178,8960,101,0,6310,False,2650116096,False,True
graf,query-0-doc-05,2,2,True,answered,receipted,49.293905094993534,8.164353811996989,57.45825890699052,14148,0,236,0,6246,False,2655133696,True,True
graf,query-0-doc-06,1,1,True,answered,receipted,48.765818738989765,6.259987963014282,55.02580670200405,14156,0,93,0,6150,False,2649546752,False,True
graf,query-0-doc-07,2,2,True,answered,receipted,49.73039565098588,7.411574963014573,57.141970614000456,14122,8960,206,0,5822,False,2636337152,False,True
graf,query-0-doc-08,2,2,True,answered,receipted,49.14284999697702,6.760032917984063,55.90288291496108,14183,0,183,0,6278,False,2646380544,False,True
graf,query-0-doc-09,2,2,True,answered,receipted,47.830151894973824,6.285833953996189,54.11598584897001,14079,8960,151,0,5916,False,2647830528,True,True
graf,query-0-doc-10,2,2,True,answered,receipted,51.308119489985984,7.5115849770081695,58.81970446699415,14218,8960,208,0,6331,False,2633654272,False,True
graf,query-0-doc-11,1,1,True,answered,receipted,48.846365790988784,6.858970557019347,55.70533634800813,14223,8960,101,0,6383,False,2642542592,False,True
graf,query-0-doc-12,2,2,True,answered,receipted,49.88355889898958,8.111702436988708,57.995261335978284,14227,8960,253,0,6525,False,2640338944,False,True
graf,query-0-doc-13,2,2,True,answered,receipted,49.50722911898629,6.707732646988006,56.214961765974294,14143,0,203,0,6105,False,2643095552,False,True
graf,query-0-doc-14,2,2,True,answered,receipted,47.917885542992735,5.909520782006439,53.827406324999174,14171,0,126,0,6242,False,2628935680,True,True
graf,query-0-doc-15,1,1,True,answered,receipted,49.36135689099319,6.859451518015703,56.220808409008896,14114,8960,191,0,6181,False,2640056320,True,True
graf,query-0-doc-16,1,1,True,answered,receipted,48.2855285120022,7.310214898985578,55.59574341098778,14100,8960,151,0,6038,False,2652737536,True,True
trustgraph,query-0-doc-01,1,2,False,answered,receipted,22.229342013975838,10.494424192002043,32.72376620597788,40675,26880,717,2,3623,False,14192640,False,True
trustgraph,query-0-doc-02,3,3,True,answered,receipted,20.00281562600867,9.248326538014226,29.251142164022895,39550,26880,464,2,2190,False,15552512,True,True
trustgraph,query-0-doc-03,0,2,False,answered,receipted,13.635053215984954,9.298480447003385,22.93353366298834,39921,26880,413,2,2798,False,15572992,False,True
trustgraph,query-0-doc-04,2,2,True,answered,receipted,19.15707223699428,6.793633919995045,25.950706156989327,39425,26880,524,2,2192,False,15601664,False,True
trustgraph,query-0-doc-05,2,2,True,answered,receipted,16.101177036995068,10.049851813004352,26.15102884999942,41538,26880,393,2,4835,False,15601664,True,True
trustgraph,query-0-doc-06,1,1,True,answered,receipted,14.031896208995022,7.697359977988526,21.729256186983548,39477,26880,191,2,2160,False,15613952,False,True
trustgraph,query-0-doc-07,2,2,True,answered,receipted,15.435275787021965,7.896818976994837,23.3320947640168,40311,26880,315,2,3004,False,15618048,False,True
trustgraph,query-0-doc-08,2,2,True,answered,receipted,15.655156574008288,6.69599300500704,22.351149579015328,39828,26880,360,2,2756,False,15634432,False,True
trustgraph,query-0-doc-09,2,2,True,answered,receipted,23.319837544986513,6.342775017983513,29.662612562970025,41121,26880,254,2,4220,False,15634432,False,True
trustgraph,query-0-doc-10,2,2,True,answered,receipted,11.103903903014725,7.746120166993933,18.850024070008658,40705,26880,260,2,3626,False,15646720,False,True
trustgraph,query-0-doc-11,1,1,True,answered,receipted,14.754854542989051,7.7492330399982166,22.504087582987268,39957,26880,362,2,2665,False,15646720,False,True
trustgraph,query-0-doc-12,2,2,True,answered,receipted,16.805651797010796,5.39237377900281,22.198025576013606,40395,26880,360,2,3392,False,15650816,False,True
trustgraph,query-0-doc-13,2,2,True,answered,receipted,16.354027306020726,6.794976967998082,23.149004274018807,40717,26880,400,2,3741,False,15654912,False,True
trustgraph,query-0-doc-14,1,2,False,answered,receipted,15.256505659985123,5.893891582003562,21.150397241988685,41011,26880,221,2,3999,False,15671296,False,True
trustgraph,query-0-doc-15,1,1,True,answered,receipted,19.072319927014178,6.895135674014455,25.967455601028632,41294,26880,449,2,4238,False,15683584,True,True
trustgraph,query-0-doc-16,1,1,True,answered,receipted,13.981217704014853,9.950539192999713,23.931756897014566,39819,26880,492,2,2433,False,15704064,True,True
lightrag,query-0-doc-01,2,2,True,answered,receipted,4.064402601012262,7.273701043013716,11.338103644025978,36300,17920,266,1,32013,False,127373312,True,True
lightrag,query-0-doc-02,3,3,True,answered,receipted,8.672126459015999,7.48528943900601,16.15741589802201,36979,17920,268,1,33562,False,127377408,False,True
lightrag,query-0-doc-03,2,2,True,answered,receipted,5.820089563989313,7.134533821983496,12.954623385972809,37216,17920,275,1,34297,False,125292544,True,True
lightrag,query-0-doc-04,2,2,True,answered,receipted,4.363972240011208,7.284235416998854,11.648207657010062,37126,17920,205,1,33106,False,108318720,False,True
lightrag,query-0-doc-05,2,2,True,answered,receipted,4.51778125599958,10.038522253016708,14.556303509016288,37428,17920,223,1,34596,False,106561536,True,True
lightrag,query-0-doc-06,1,1,True,answered,receipted,5.7689961600117385,6.583343329024501,12.35233948903624,37808,17920,268,1,35469,False,39841792,False,True
lightrag,query-0-doc-07,2,2,True,answered,receipted,4.565701137005817,7.335204713977873,11.90090585098369,35009,17920,254,1,27707,False,38137856,False,True
lightrag,query-0-doc-08,2,2,True,answered,receipted,4.2621081529941875,6.633390267001232,10.89549841999542,35130,17920,216,1,29198,False,36290560,False,True
lightrag,query-0-doc-09,2,2,True,answered,receipted,4.185525763023179,5.281600390007952,9.467126153031131,35952,17920,145,1,30507,False,36810752,True,True
lightrag,query-0-doc-10,1,2,False,answered,receipted,4.2121190699981526,11.08991647901712,15.302035549015272,35810,17920,278,1,30845,False,36880384,False,False
lightrag,query-0-doc-11,1,1,True,answered,receipted,4.215679507004097,8.085742996976478,12.301422503980575,35520,17920,283,1,29621,False,36995072,True,True
lightrag,query-0-doc-12,2,2,True,answered,receipted,5.715637738991063,7.485187205020338,13.200824944011401,36322,17920,311,1,32123,False,35504128,False,True
lightrag,query-0-doc-13,2,2,True,answered,receipted,6.267653032002272,10.189052492991323,16.456705524993595,37132,17920,450,1,34245,False,35950592,False,True
lightrag,query-0-doc-14,2,2,True,answered,receipted,3.86346313598915,13.34518625299097,17.20864938898012,37166,17920,189,1,33595,False,36548608,True,True
lightrag,query-0-doc-15,1,1,True,answered,receipted,4.163072209019447,8.637180049001472,12.800252258020919,35797,17920,354,1,30521,False,35987456,False,True
lightrag,query-0-doc-16,1,1,True,answered,receipted,5.768803601997206,5.782262689026538,11.551066291023744,34649,17920,163,1,27018,False,35409920,True,True
cognee,query-0-doc-01,2,2,True,answered,receipted,0.42344370199134573,7.0606187880039215,7.484062489995267,14541,8960,176,0,6854,False,474075136,False,True
cognee,query-0-doc-02,3,3,True,answered,receipted,0.26100621800287627,7.038077939010691,7.299084157013567,14940,8960,208,0,8564,False,475443200,True,True
cognee,query-0-doc-03,0,2,False,answered,receipted,0.22932603099616244,9.092156761005754,9.321482792001916,14976,0,303,0,9359,False,481464320,False,True
cognee,query-0-doc-04,2,2,True,answered,receipted,0.2229109389882069,11.495887695986312,11.718798634974519,15196,8960,159,0,10204,False,468758528,False,True
cognee,query-0-doc-05,2,2,True,answered,receipted,0.29279283399228007,8.290852109988919,8.583644943981199,14472,8960,248,0,7159,False,456142848,True,True
cognee,query-0-doc-06,1,1,True,answered,receipted,0.2913478240079712,4.68338462599786,4.974732450005831,14578,8960,67,0,7267,False,460029952,False,True
cognee,query-0-doc-07,2,2,True,answered,receipted,1.2445396689872723,8.992536406993167,10.23707607598044,15046,8960,225,0,9577,False,711593984,False,True
cognee,query-0-doc-08,2,2,True,answered,receipted,0.24189760099397972,9.492363122000825,9.734260722994804,14803,8960,155,0,8679,False,675078144,False,True
cognee,query-0-doc-09,2,2,True,answered,receipted,0.2419843009847682,7.390365426981589,7.632349727966357,14658,8960,149,0,7886,False,677462016,True,True
cognee,query-0-doc-10,1,2,False,answered,receipted,0.25437940200208686,24.568030830007046,24.822410232009133,14662,8960,414,0,7719,False,674050048,False,False
cognee,query-0-doc-11,1,1,True,answered,receipted,0.24923443800071254,6.539106401003664,6.788340839004377,15001,8960,122,0,8836,False,590852096,False,True
cognee,query-0-doc-12,2,2,True,answered,receipted,0.256967541994527,6.5371127240068745,6.7940802660014015,14375,8960,117,0,6841,False,454316032,False,True
cognee,query-0-doc-13,2,2,True,answered,receipted,0.22378746498725377,10.443254019017331,10.667041484004585,14560,8960,218,0,7737,False,327200768,False,True
cognee,query-0-doc-14,2,2,True,answered,receipted,0.24915612800396048,7.739539647998754,7.988695776002714,14967,8960,179,0,9075,False,306475008,True,True
cognee,query-0-doc-15,1,1,True,answered,receipted,1.2752929090056568,7.5393355900014285,8.814628499007085,14053,8960,194,0,6263,False,606552064,True,True
cognee,query-0-doc-16,1,1,True,answered,receipted,0.21182880000560544,7.8445609060290735,8.056389706034679,14480,8960,151,0,7281,False,606576640,True,True
graphiti,query-0-doc-01,2,2,True,answered,receipted,0.46939180200570263,7.328420882986393,7.7978126849920955,13864,8960,240,0,4783,False,31854592,True,True
graphiti,query-0-doc-02,3,3,True,answered,receipted,0.14592641300987452,11.403904790000524,11.549831203010399,13818,8960,378,0,4557,False,32288768,True,True
graphiti,query-0-doc-03,2,2,True,answered,receipted,0.056494724994990975,6.192637922998983,6.249132647993974,13688,8960,115,0,4320,False,32395264,True,True
graphiti,query-0-doc-04,2,2,True,answered,receipted,0.057223965995945036,6.942605054995511,6.999829020991456,13569,8960,151,0,3897,False,32100352,False,True
graphiti,query-0-doc-05,2,2,True,answered,receipted,0.059514483000384644,9.247870569000952,9.307385052001337,14160,8960,176,0,6163,False,31723520,False,True
graphiti,query-0-doc-06,1,1,True,answered,receipted,0.09949285999755375,6.145782452978892,6.245275312976446,13964,8960,142,0,5249,False,30359552,False,True
graphiti,query-0-doc-07,0,2,False,answered,receipted,0.06280806599534117,4.839886981004383,4.902695046999725,14248,8960,78,0,6437,False,29229056,False,False
graphiti,query-0-doc-08,1,2,False,answered,receipted,0.057301057007862255,9.299504273978528,9.35680533098639,14370,8960,210,0,7063,False,29233152,True,True
graphiti,query-0-doc-09,2,2,True,answered,receipted,0.05566789099248126,6.294235818990273,6.349903709982755,14140,8960,141,0,6075,False,28319744,True,True
graphiti,query-0-doc-10,2,2,True,answered,receipted,0.06430743000237271,8.0460424440098,8.110349874012172,14095,8960,191,0,5805,False,28209152,False,True
graphiti,query-0-doc-11,1,1,True,answered,receipted,0.11529365502065048,9.599228826991748,9.714522482012399,14189,8960,318,0,6161,False,28225536,False,True
graphiti,query-0-doc-12,2,2,True,answered,receipted,0.05721741501474753,6.443606635002652,6.5008240500174,14211,8960,180,0,6480,False,28155904,False,True
graphiti,query-0-doc-13,1,2,False,answered,receipted,0.06651338600204326,8.846364039025502,8.912877425027546,14383,8960,312,0,6769,False,27840512,False,True
graphiti,query-0-doc-14,1,2,False,answered,receipted,0.05628613001317717,4.590906221012119,4.647192351025296,13665,8960,68,0,4046,False,27746304,True,True
graphiti,query-0-doc-15,0,1,False,answered,receipted,0.06090840502292849,11.9018512260227,11.962759631045628,14415,8960,322,0,7275,False,27750400,False,True
graphiti,query-0-doc-16,0,1,False,answered,receipted,0.05648048399598338,5.540728385007242,5.597208869003225,13964,8960,100,0,5445,False,27742208,False,False
